"HGNC_ID","TPM"
10485,3222.73403132616
10484,1006.76074840545
10499,468.813371840484
10493,248.354711113664
14502,89.0585270520675
10490,0.326306735384159

